"","pointType","ID","xLocation","yLocation","competitorType","headingRadians"
"1","competitor","C-1",0.829908054012903,0.381323324311661,"Hunter",0.355012311436331
"2","competitor","C-2",0.401499212311015,0.649306767872082,"Hunter",4.34671244892365
