"","pointType","ID","xLocation","yLocation","competitorType","headingRadians"
"1","competitor","C-1",0.778502864012903,0.208456944311661,"Hunter",2.54611240606443
"2","competitor","C-2",0.267752722311015,0.914110667872083,"Hunter",0.744382775399048
